Workbook

Sheet PO File
A1: No | B1: Account | C1: Store Name | D1: No.PO | E1: PO Date | F1: PO Expired | G1: Delivery Date | H1: Brand | I1: Barcode | J1: Product Description | K1: Order Qty (Ctn) | L1: Delivery Qty (Ctn) | M1: Last Arrival Time | N1: PIC
A2: 1 | B2: Account 1 | C2: Store A | D2: PO111234 | E2: 45778 | F2: 45785 | G2: 45781 | H2: Brand A | I2: 112012031 | J2: Snack bar protein 120 pack - 112012031 | K2: 2 | L2: 2 | M2: 0.66666667 | N2: John Smith
C3: Store B | D3: PO111234 | E3: 45778 | F3: 45785 | G3: 45781 | H3: Brand B | I3: 112012032 | J3: Snack bar protein 120 pack - 112012032 | K3: 1 | L3: 1 | M3: 0.66666667 | N3: Emily Johnson
A4: 2 | B4: Account 2 | C4: Store C | D4: PO111236 | E4: 45778 | F4: 45785 | G4: 45781 | H4: Brand C | I4: 112012037 | J4: Snack bar protein 120 pack - 112012033 | K4: 2 | L4: 2 | M4: 0.66666667 | N4: Michael Brown
A5: 3 | B5: Account 3 | C5: Store D | D5: PO111237 | E5: 45778 | F5: 45785 | G5: 45781 | H5: Brand D | I5: 112012073 | J5: Snack bar protein 120 pack - 112012034 | K5: 3 | L5: 3 | M5: 0.66666667 | N5: Sarah Davis
A6: 4 | B6: Account 4 | C6: Store E | D6: PO111238 | E6: 45778 | F6: 45785 | G6: 45781 | H6: Brand A | I6: 112012031 | J6: Snack bar protein 120 pack - 112012031 | K6: 1 | L6: 1 | M6: 0.66666667 | N6: David Wilson
A7: 5 | B7: Account 5 | C7: Store F | D7: PO111239 | E7: 45778 | F7: 45785 | G7: 45781 | H7: Brand B | I7: 112012032 | J7: Snack bar protein 120 pack - 112012032 | K7: 2 | L7: 2 | M7: 0.66666667 | N7: Jessica Martinez
A8: 6 | B8: Account 6 | C8: Store G | D8: PO111240 | E8: 45778 | F8: 45785 | G8: 45781 | H8: Brand C | I8: 112012037 | J8: Snack bar protein 120 pack - 112012033 | K8: 2 | L8: 2 | M8: 0.66666667 | N8: Robert Taylor
A9: 7 | B9: Account 7 | C9: Store H | D9: PO111241 | E9: 45778 | F9: 45785 | G9: 45781 | H9: Brand D | I9: 112012073 | J9: Snack bar protein 120 pack - 112012034 | K9: 1 | L9: 1 | M9: 0.66666667 | N9: Amanda Anderson
A10: 8 | B10: Account 8 | C10: Store I | D10: PO111242 | E10: 45778 | F10: 45785 | G10: 45781 | H10: Brand A | I10: 112012031 | J10: Snack bar protein 120 pack - 112012031 | K10: 1 | L10: 1 | M10: 0.66666667 | N10: Daniel Thomas
A11: 9 | B11: Account 9 | C11: Store J | D11: PO111243 | E11: 45778 | F11: 45785 | G11: 45781 | H11: Brand B | I11: 112012032 | J11: Snack bar protein 120 pack - 112012032 | K11: 1 | L11: 1 | M11: 0.66666667 | N11: Laura Garcia

Sheet Raw
A1: No | B1: Account | C1: Store Name | D1: No.PO | E1: PO Date | F1: PO Expired | G1: Delivery Date | H1: Brand | I1: Barcode | J1: Product Description | K1: Order Qty (Ctn) | L1: Delivery Qty (Ctn) | M1: Last Arrival Time | N1: PIC | O1: Fulfilment SKU | P1: Qty | Q1: CBM
A2: 1 | B2: Account 1 | C2: Store A | D2: PO111234 | E2: 45778 | F2: 45785 | G2: 45781 | H2: Brand A | I2: 112012031 | J2: Snack bar protein 120 pack - 112012031 | K2: 2 | L2: 2 | M2: 0.66666667 | N2: John Smith | O2: =VLOOKUP(TRIM(I2),'Ful SKU'!F:G,2,0) -> 12345FulSKU_112012031 | P2: =L2 -> 2 | Q2: =(VLOOKUP(TRIM(I2),'Ful SKU'!F:H,3,0))*P2 -> 0.36
A3: 1 | B3: Account 1 | C3: Store B | D3: PO111234 | E3: 45778 | F3: 45785 | G3: 45781 | H3: Brand B | I3: 112012032 | J3: Snack bar protein 120 pack - 112012032 | K3: 1 | L3: 1 | M3: 0.66666667 | N3: Emily Johnson | O3: =VLOOKUP(TRIM(I3),'Ful SKU'!F:G,2,0) -> 12345FulSKU_112012032 | P3: =L3 -> 1 | Q3: =(VLOOKUP(TRIM(I3),'Ful SKU'!F:H,3,0))*P3 -> 0.18
A4: 2 | B4: Account 2 | C4: Store C | D4: PO111236 | E4: 45778 | F4: 45785 | G4: 45781 | H4: Brand C | I4: 112012037 | J4: Snack bar protein 120 pack - 112012033 | K4: 2 | L4: 2 | M4: 0.66666667 | N4: Michael Brown | O4: =VLOOKUP(TRIM(I4),'Ful SKU'!F:G,2,0) -> 12345FulSKU_112012037 | P4: =L4 -> 2 | Q4: =(VLOOKUP(TRIM(I4),'Ful SKU'!F:H,3,0))*P4 -> 0.131175
A5: 3 | B5: Account 3 | C5: Store D | D5: PO111237 | E5: 45778 | F5: 45785 | G5: 45781 | H5: Brand D | I5: 112012073 | J5: Snack bar protein 120 pack - 112012034 | K5: 3 | L5: 3 | M5: 0.66666667 | N5: Sarah Davis | O5: =VLOOKUP(TRIM(I5),'Ful SKU'!F:G,2,0) -> 12345FulSKU_112012073 | P5: =L5 -> 3 | Q5: =(VLOOKUP(TRIM(I5),'Ful SKU'!F:H,3,0))*P5 -> 0.1967625
A6: 4 | B6: Account 4 | C6: Store E | D6: PO111238 | E6: 45778 | F6: 45785 | G6: 45781 | H6: Brand A | I6: 112012031 | J6: Snack bar protein 120 pack - 112012031 | K6: 1 | L6: 1 | M6: 0.66666667 | N6: David Wilson | O6: =VLOOKUP(TRIM(I6),'Ful SKU'!F:G,2,0) -> 12345FulSKU_112012031 | P6: =L6 -> 1 | Q6: =(VLOOKUP(TRIM(I6),'Ful SKU'!F:H,3,0))*P6 -> 0.18
A7: 5 | B7: Account 5 | C7: Store F | D7: PO111239 | E7: 45778 | F7: 45785 | G7: 45781 | H7: Brand B | I7: 112012032 | J7: Snack bar protein 120 pack - 112012032 | K7: 2 | L7: 2 | M7: 0.66666667 | N7: Jessica Martinez | O7: =VLOOKUP(TRIM(I7),'Ful SKU'!F:G,2,0) -> 12345FulSKU_112012032 | P7: =L7 -> 2 | Q7: =(VLOOKUP(TRIM(I7),'Ful SKU'!F:H,3,0))*P7 -> 0.36
A8: 6 | B8: Account 6 | C8: Store G | D8: PO111240 | E8: 45778 | F8: 45785 | G8: 45781 | H8: Brand C | I8: 112012037 | J8: Snack bar protein 120 pack - 112012033 | K8: 2 | L8: 2 | M8: 0.66666667 | N8: Robert Taylor | O8: =VLOOKUP(TRIM(I8),'Ful SKU'!F:G,2,0) -> 12345FulSKU_112012037 | P8: =L8 -> 2 | Q8: =(VLOOKUP(TRIM(I8),'Ful SKU'!F:H,3,0))*P8 -> 0.131175
A9: 7 | B9: Account 7 | C9: Store H | D9: PO111241 | E9: 45778 | F9: 45785 | G9: 45781 | H9: Brand D | I9: 112012073 | J9: Snack bar protein 120 pack - 112012034 | K9: 1 | L9: 1 | M9: 0.66666667 | N9: Amanda Anderson | O9: =VLOOKUP(TRIM(I9),'Ful SKU'!F:G,2,0) -> 12345FulSKU_112012073 | P9: =L9 -> 1 | Q9: =(VLOOKUP(TRIM(I9),'Ful SKU'!F:H,3,0))*P9 -> 0.0655875
A10: 8 | B10: Account 8 | C10: Store I | D10: PO111242 | E10: 45778 | F10: 45785 | G10: 45781 | H10: Brand A | I10: 112012031 | J10: Snack bar protein 120 pack - 112012031 | K10: 1 | L10: 1 | M10: 0.66666667 | N10: Daniel Thomas | O10: =VLOOKUP(TRIM(I10),'Ful SKU'!F:G,2,0) -> 12345FulSKU_112012031 | P10: =L10 -> 1 | Q10: =(VLOOKUP(TRIM(I10),'Ful SKU'!F:H,3,0))*P10 -> 0.18
A11: 9 | B11: Account 9 | C11: Store J | D11: PO111243 | E11: 45778 | F11: 45785 | G11: 45781 | H11: Brand B | I11: 112012032 | J11: Snack bar protein 120 pack - 112012032 | K11: 1 | L11: 1 | M11: 0.66666667 | N11: Laura Garcia | O11: =VLOOKUP(TRIM(I11),'Ful SKU'!F:G,2,0) -> 12345FulSKU_112012032 | P11: =L11 -> 1 | Q11: =(VLOOKUP(TRIM(I11),'Ful SKU'!F:H,3,0))*P11 -> 0.18

Sheet Ful SKU
A1: Fulfilment SKU | B1: Barcode 2 | C1: WH Length (cm) | D1: WH Height (cm) | E1: WH Width (cm) | F1: Barcode | G1: Fulfillment SKU | H1: CBM
A2: ="12345FulSKU_"&B2 -> 12345FulSKU_112012031 | B2: 112012031 | C2: 120.0 | D2: 15.0 | E2: 100.0 | F2: =B2 -> 112012031 | G2: =A2 -> 12345FulSKU_112012031 | H2: =(C2*D2*E2)/1000000 -> 0.18
A3: ="12345FulSKU_"&B3 -> 12345FulSKU_112012032 | B3: 112012032 | C3: 120.0 | D3: 15.0 | E3: 100.0 | F3: =B3 -> 112012032 | G3: =A3 -> 12345FulSKU_112012032 | H3: =(C3*D3*E3)/1000000 -> 0.18
A4: ="12345FulSKU_"&B4 -> 12345FulSKU_112012048 | B4: 112012048 | C4: 120.0 | D4: 15.0 | E4: 100.0 | F4: =B4 -> 112012048 | G4: =A4 -> 12345FulSKU_112012048 | H4: =(C4*D4*E4)/1000000 -> 0.18
A5: ="12345FulSKU_"&B5 -> 12345FulSKU_112012050 | B5: 112012050 | C5: 120.0 | D5: 15.0 | E5: 100.0 | F5: =B5 -> 112012050 | G5: =A5 -> 12345FulSKU_112012050 | H5: =(C5*D5*E5)/1000000 -> 0.18
A6: ="12345FulSKU_"&B6 -> 12345FulSKU_112012057 | B6: 112012057 | C6: 120.0 | D6: 15.0 | E6: 100.0 | F6: =B6 -> 112012057 | G6: =A6 -> 12345FulSKU_112012057 | H6: =(C6*D6*E6)/1000000 -> 0.18
A7: ="12345FulSKU_"&B7 -> 12345FulSKU_112012058 | B7: 112012058 | C7: 120.0 | D7: 15.0 | E7: 100.0 | F7: =B7 -> 112012058 | G7: =A7 -> 12345FulSKU_112012058 | H7: =(C7*D7*E7)/1000000 -> 0.18
A8: ="12345FulSKU_"&B8 -> 12345FulSKU_112012066 | B8: 112012066 | C8: 120.0 | D8: 15.0 | E8: 100.0 | F8: =B8 -> 112012066 | G8: =A8 -> 12345FulSKU_112012066 | H8: =(C8*D8*E8)/1000000 -> 0.18
A9: ="12345FulSKU_"&B9 -> 12345FulSKU_112012037 | B9: 112012037 | C9: 53.0 | D9: 27.5 | E9: 45.0 | F9: =B9 -> 112012037 | G9: =A9 -> 12345FulSKU_112012037 | H9: =(C9*D9*E9)/1000000 -> 0.0655875
A10: ="12345FulSKU_"&B10 -> 12345FulSKU_112012043 | B10: 112012043 | C10: 53.0 | D10: 27.5 | E10: 45.0 | F10: =B10 -> 112012043 | G10: =A10 -> 12345FulSKU_112012043 | H10: =(C10*D10*E10)/1000000 -> 0.0655875
A11: ="12345FulSKU_"&B11 -> 12345FulSKU_112012055 | B11: 112012055 | C11: 53.0 | D11: 27.5 | E11: 45.0 | F11: =B11 -> 112012055 | G11: =A11 -> 12345FulSKU_112012055 | H11: =(C11*D11*E11)/1000000 -> 0.0655875
A12: ="12345FulSKU_"&B12 -> 12345FulSKU_112012062 | B12: 112012062 | C12: 53.0 | D12: 27.5 | E12: 45.0 | F12: =B12 -> 112012062 | G12: =A12 -> 12345FulSKU_112012062 | H12: =(C12*D12*E12)/1000000 -> 0.0655875
A13: ="12345FulSKU_"&B13 -> 12345FulSKU_112012069 | B13: 112012069 | C13: 53.0 | D13: 27.5 | E13: 45.0 | F13: =B13 -> 112012069 | G13: =A13 -> 12345FulSKU_112012069 | H13: =(C13*D13*E13)/1000000 -> 0.0655875
A14: ="12345FulSKU_"&B14 -> 12345FulSKU_112012073 | B14: 112012073 | C14: 53.0 | D14: 27.5 | E14: 45.0 | F14: =B14 -> 112012073 | G14: =A14 -> 12345FulSKU_112012073 | H14: =(C14*D14*E14)/1000000 -> 0.0655875
